{
  "is-c3-addon": true,
  "type": "plugin",
  "name": "Empty Shell",
  "id": "skymen_Shell",
  "version": "1.0.0.0",
  "author": "skymen",
  "website": "https://www.construct.net",
  "documentation": "https://www.construct.net",
  "editor-scripts": [
    "editor.js"
  ],
  "file-list": [
    "c3runtime/actions.js",
    "c3runtime/conditions.js",
    "c3runtime/expressions.js",
    "c3runtime/instance.js",
    "c3runtime/plugin.js",
    "c3runtime/type.js",
    "lang/en-US.json",
    "aces.json",
    "addon.json",
    "icon.svg",
    "editor.js"
  ]
}